Support Vector Machines,Decision tree,Na√Øve Bayes,K-Nearest Neighbor
1,1,1,1
0,0,0,0
0,0,0,0
0,0,0,0
1,1,1,1
0,0,0,0
0,0,0,0
0,0,0,0
0,0,0,0
1,1,1,1
0,0,0,0
0,0,0,0
1,1,1,1
0,0,0,0
1,1,1,1
0,0,0,0
1,1,1,1
0,0,0,0
1,1,1,1
0,0,0,0
0,1,1,1
0,0,0,0
0,0,0,0
0,0,0,0
0,0,0,0
0,0,0,0
1,0,0,0
0,0,0,0
0,0,0,0
0,0,0,1
0,0,0,0
0,0,0,0
0,0,0,0
0,0,0,0
0,0,0,0
0,0,0,1
0,0,0,0
0,0,0,0
1,1,1,1
0,0,0,0
0,1,1,1
0,0,0,0
0,0,0,0
0,0,0,0
1,1,1,1
0,0,0,0
0,0,0,0
0,0,0,0
1,1,1,0
0,0,0,0
0,0,0,0
0,0,0,0
0,0,0,0
0,0,0,0
1,1,1,1
0,0,0,0
1,1,1,1
0,0,0,0
1,1,1,1
1,0,0,0
1,1,1,1
0,0,0,0
0,0,0,0
1,0,0,0
0,0,0,0
0,0,0,0
0,0,0,0
0,1,1,0
0,0,0,0
1,0,0,0
1,1,1,1
0,0,0,0
0,0,0,0
0,0,0,0
1,1,1,1
1,1,1,1
0,0,0,0
1,0,0,0
0,0,0,0
0,0,0,1
0,0,0,0
0,0,0,1
1,0,0,0
1,0,0,0
0,0,0,0
0,0,0,0
0,0,0,0
0,0,0,0
0,0,0,0
0,0,0,0
0,0,0,0
1,0,0,0
1,1,1,1
0,0,0,0
1,0,0,0
1,1,1,1
0,0,0,0
0,0,0,0
0,0,0,0
0,0,0,0
1,0,0,1
0,0,0,0
0,0,0,0
1,0,0,0
0,0,0,0
0,0,0,0
1,1,1,1
0,0,0,0
0,0,0,0
0,0,0,0
0,0,0,0
0,0,0,0
0,0,0,0
1,1,1,1
0,0,0,0
0,0,0,0
1,1,1,1
0,0,0,0
0,0,0,0
0,0,0,0
1,1,1,1
0,0,0,0
0,0,0,0
0,0,0,0
1,1,1,1
0,0,0,0
0,0,0,0
1,0,0,0
1,1,1,1
0,0,0,0
0,0,0,0
0,0,0,0
0,0,0,0
0,0,0,0
0,1,1,1
1,1,1,1
1,0,0,0
0,0,0,0
0,0,0,0
0,0,0,0
0,0,0,0
0,0,0,0
0,0,0,0
1,1,1,1
0,0,0,0
0,0,0,0
0,0,0,1
0,0,0,0
0,0,0,0
0,0,0,0
0,0,0,0
0,0,0,0
0,0,0,0
0,0,0,0
0,0,0,0
1,1,1,1
0,0,0,0
1,0,0,0
0,0,0,1
0,0,0,0
1,0,0,0
0,0,0,0
1,1,1,1
0,0,0,0
0,0,0,0
0,0,0,0
0,0,0,0
1,1,1,1
1,0,0,0
0,0,0,0
0,0,0,0
0,0,0,0
1,0,0,0
1,1,1,1
0,0,0,0
0,0,0,0
0,0,0,0
0,0,0,0
0,0,0,0
1,1,1,1
0,0,0,0
0,0,0,0
0,0,0,1
0,0,0,0
0,0,0,0
0,0,0,0
0,0,0,0
1,0,0,0
0,0,0,0
0,0,0,0
0,0,0,0
0,0,0,0
0,0,0,0
0,0,0,0
0,0,0,0
0,0,0,0
0,0,0,0
0,0,0,0
0,0,0,0
0,0,0,0
0,0,0,0
1,1,1,1
1,1,1,1
0,0,0,0
0,0,0,0
0,0,0,0
0,0,0,0
1,1,1,1
0,0,0,0
0,0,0,0
1,1,1,1
